[{"model": "annotation.annotation", "pk": 1, "fields": {"annotator": 1, "comment": 1, "is_hate_speech": true, "other": "", "kind": [3]}}, {"model": "annotation.annotation", "pk": 2, "fields": {"annotator": 1, "comment": 4, "is_hate_speech": false, "other": "", "kind": []}}, {"model": "annotation.annotation", "pk": 3, "fields": {"annotator": 1, "comment": 2, "is_hate_speech": true, "other": "", "kind": [6]}}, {"model": "annotation.annotation", "pk": 4, "fields": {"annotator": 1, "comment": 3, "is_hate_speech": true, "other": "", "kind": [3]}}, {"model": "annotation.annotation", "pk": 5, "fields": {"annotator": 1, "comment": 5, "is_hate_speech": false, "other": "", "kind": []}}, {"model": "annotation.annotation", "pk": 11, "fields": {"annotator": 2, "comment": 2, "is_hate_speech": true, "other": "", "kind": [6]}}, {"model": "annotation.annotation", "pk": 12, "fields": {"annotator": 2, "comment": 1, "is_hate_speech": true, "other": "", "kind": [3]}}, {"model": "annotation.annotation", "pk": 13, "fields": {"annotator": 2, "comment": 3, "is_hate_speech": true, "other": "", "kind": [3]}}, {"model": "annotation.annotation", "pk": 14, "fields": {"annotator": 2, "comment": 5, "is_hate_speech": false, "other": "", "kind": []}}, {"model": "annotation.annotation", "pk": 15, "fields": {"annotator": 2, "comment": 4, "is_hate_speech": false, "other": "", "kind": []}}, {"model": "annotation.annotation", "pk": 16, "fields": {"annotator": 2, "comment": 6, "is_hate_speech": false, "other": "", "kind": []}}, {"model": "annotation.annotation", "pk": 17, "fields": {"annotator": 2, "comment": 7, "is_hate_speech": true, "other": "", "kind": [1]}}, {"model": "annotation.annotation", "pk": 18, "fields": {"annotator": 2, "comment": 8, "is_hate_speech": false, "other": "", "kind": []}}, {"model": "annotation.annotation", "pk": 19, "fields": {"annotator": 2, "comment": 9, "is_hate_speech": false, "other": "", "kind": []}}, {"model": "annotation.annotation", "pk": 20, "fields": {"annotator": 2, "comment": 10, "is_hate_speech": false, "other": "", "kind": []}}, {"model": "annotation.annotation", "pk": 21, "fields": {"annotator": 2, "comment": 11, "is_hate_speech": true, "other": "", "kind": [1, 3]}}, {"model": "annotation.annotation", "pk": 22, "fields": {"annotator": 3, "comment": 1, "is_hate_speech": true, "other": "", "kind": [3]}}, {"model": "annotation.annotation", "pk": 23, "fields": {"annotator": 3, "comment": 4, "is_hate_speech": false, "other": "", "kind": []}}, {"model": "annotation.annotation", "pk": 24, "fields": {"annotator": 3, "comment": 2, "is_hate_speech": true, "other": "", "kind": [6]}}, {"model": "annotation.annotation", "pk": 25, "fields": {"annotator": 3, "comment": 3, "is_hate_speech": true, "other": "", "kind": [3]}}, {"model": "annotation.annotation", "pk": 26, "fields": {"annotator": 3, "comment": 5, "is_hate_speech": false, "other": "", "kind": []}}, {"model": "annotation.annotation", "pk": 27, "fields": {"annotator": 3, "comment": 6, "is_hate_speech": false, "other": "", "kind": []}}, {"model": "annotation.annotation", "pk": 28, "fields": {"annotator": 3, "comment": 7, "is_hate_speech": true, "other": "", "kind": [1]}}, {"model": "annotation.annotation", "pk": 29, "fields": {"annotator": 3, "comment": 8, "is_hate_speech": false, "other": "", "kind": []}}, {"model": "annotation.annotation", "pk": 30, "fields": {"annotator": 3, "comment": 9, "is_hate_speech": false, "other": "", "kind": []}}, {"model": "annotation.annotation", "pk": 31, "fields": {"annotator": 3, "comment": 10, "is_hate_speech": false, "other": "", "kind": []}}, {"model": "annotation.annotation", "pk": 32, "fields": {"annotator": 3, "comment": 11, "is_hate_speech": true, "other": "", "kind": [1, 3]}}, {"model": "annotation.annotation", "pk": 33, "fields": {"annotator": 3, "comment": 12, "is_hate_speech": false, "other": "", "kind": []}}, {"model": "annotation.annotation", "pk": 34, "fields": {"annotator": 3, "comment": 13, "is_hate_speech": false, "other": "", "kind": []}}, {"model": "annotation.annotation", "pk": 35, "fields": {"annotator": 3, "comment": 14, "is_hate_speech": false, "other": "", "kind": []}}, {"model": "annotation.annotation", "pk": 36, "fields": {"annotator": 3, "comment": 15, "is_hate_speech": true, "other": "", "kind": [1]}}, {"model": "annotation.annotation", "pk": 37, "fields": {"annotator": 3, "comment": 16, "is_hate_speech": false, "other": "", "kind": []}}, {"model": "annotation.annotation", "pk": 38, "fields": {"annotator": 3, "comment": 17, "is_hate_speech": true, "other": "", "kind": [1]}}, {"model": "annotation.annotation", "pk": 39, "fields": {"annotator": 3, "comment": 18, "is_hate_speech": true, "other": "", "kind": [1]}}, {"model": "annotation.annotation", "pk": 40, "fields": {"annotator": 3, "comment": 19, "is_hate_speech": false, "other": "", "kind": []}}, {"model": "annotation.annotation", "pk": 41, "fields": {"annotator": 3, "comment": 20, "is_hate_speech": true, "other": "", "kind": [6]}}, {"model": "annotation.annotation", "pk": 42, "fields": {"annotator": 3, "comment": 21, "is_hate_speech": true, "other": "", "kind": [1]}}, {"model": "annotation.annotation", "pk": 43, "fields": {"annotator": 3, "comment": 22, "is_hate_speech": true, "other": "", "kind": [1]}}, {"model": "annotation.annotation", "pk": 44, "fields": {"annotator": 3, "comment": 23, "is_hate_speech": false, "other": "", "kind": []}}, {"model": "annotation.annotation", "pk": 45, "fields": {"annotator": 3, "comment": 24, "is_hate_speech": false, "other": "", "kind": []}}, {"model": "annotation.annotation", "pk": 46, "fields": {"annotator": 3, "comment": 25, "is_hate_speech": false, "other": "", "kind": []}}, {"model": "annotation.annotation", "pk": 47, "fields": {"annotator": 3, "comment": 26, "is_hate_speech": false, "other": "", "kind": []}}, {"model": "annotation.annotation", "pk": 48, "fields": {"annotator": 3, "comment": 27, "is_hate_speech": false, "other": "", "kind": []}}, {"model": "annotation.annotation", "pk": 49, "fields": {"annotator": 3, "comment": 28, "is_hate_speech": false, "other": "", "kind": []}}, {"model": "annotation.annotation", "pk": 50, "fields": {"annotator": 3, "comment": 29, "is_hate_speech": false, "other": "", "kind": []}}, {"model": "annotation.annotation", "pk": 51, "fields": {"annotator": 3, "comment": 30, "is_hate_speech": false, "other": "", "kind": []}}, {"model": "annotation.annotation", "pk": 52, "fields": {"annotator": 3, "comment": 31, "is_hate_speech": false, "other": "", "kind": []}}, {"model": "annotation.annotation", "pk": 53, "fields": {"annotator": 3, "comment": 32, "is_hate_speech": false, "other": "", "kind": []}}, {"model": "annotation.annotation", "pk": 54, "fields": {"annotator": 3, "comment": 33, "is_hate_speech": false, "other": "", "kind": []}}, {"model": "annotation.annotation", "pk": 55, "fields": {"annotator": 3, "comment": 34, "is_hate_speech": false, "other": "", "kind": []}}, {"model": "annotation.annotation", "pk": 56, "fields": {"annotator": 3, "comment": 35, "is_hate_speech": false, "other": "", "kind": []}}, {"model": "annotation.annotation", "pk": 57, "fields": {"annotator": 3, "comment": 36, "is_hate_speech": false, "other": "", "kind": []}}, {"model": "annotation.annotation", "pk": 58, "fields": {"annotator": 3, "comment": 37, "is_hate_speech": false, "other": "", "kind": []}}, {"model": "annotation.annotation", "pk": 59, "fields": {"annotator": 3, "comment": 38, "is_hate_speech": true, "other": "", "kind": [6]}}, {"model": "annotation.annotation", "pk": 60, "fields": {"annotator": 3, "comment": 39, "is_hate_speech": true, "other": "", "kind": [6]}}, {"model": "annotation.annotation", "pk": 61, "fields": {"annotator": 3, "comment": 40, "is_hate_speech": false, "other": "", "kind": []}}, {"model": "annotation.annotation", "pk": 62, "fields": {"annotator": 2, "comment": 12, "is_hate_speech": false, "other": "", "kind": []}}, {"model": "annotation.annotation", "pk": 63, "fields": {"annotator": 2, "comment": 13, "is_hate_speech": false, "other": "", "kind": []}}, {"model": "annotation.annotation", "pk": 64, "fields": {"annotator": 2, "comment": 14, "is_hate_speech": false, "other": "", "kind": []}}, {"model": "annotation.annotation", "pk": 65, "fields": {"annotator": 2, "comment": 15, "is_hate_speech": true, "other": "", "kind": []}}, {"model": "annotation.annotation", "pk": 66, "fields": {"annotator": 2, "comment": 16, "is_hate_speech": true, "other": "", "kind": []}}, {"model": "annotation.annotation", "pk": 67, "fields": {"annotator": 2, "comment": 17, "is_hate_speech": true, "other": "", "kind": []}}, {"model": "annotation.annotation", "pk": 68, "fields": {"annotator": 2, "comment": 18, "is_hate_speech": true, "other": "", "kind": []}}, {"model": "annotation.annotation", "pk": 69, "fields": {"annotator": 2, "comment": 19, "is_hate_speech": true, "other": "", "kind": []}}, {"model": "annotation.annotation", "pk": 70, "fields": {"annotator": 2, "comment": 20, "is_hate_speech": true, "other": "", "kind": [6]}}, {"model": "annotation.annotation", "pk": 71, "fields": {"annotator": 2, "comment": 21, "is_hate_speech": false, "other": "", "kind": []}}, {"model": "annotation.annotation", "pk": 72, "fields": {"annotator": 2, "comment": 22, "is_hate_speech": true, "other": "", "kind": [6]}}, {"model": "annotation.annotation", "pk": 73, "fields": {"annotator": 2, "comment": 23, "is_hate_speech": false, "other": "", "kind": []}}, {"model": "annotation.annotation", "pk": 74, "fields": {"annotator": 2, "comment": 24, "is_hate_speech": false, "other": "", "kind": []}}, {"model": "annotation.annotation", "pk": 75, "fields": {"annotator": 2, "comment": 25, "is_hate_speech": true, "other": "", "kind": [1]}}, {"model": "annotation.annotation", "pk": 76, "fields": {"annotator": 2, "comment": 26, "is_hate_speech": false, "other": "", "kind": []}}, {"model": "annotation.annotation", "pk": 77, "fields": {"annotator": 2, "comment": 27, "is_hate_speech": false, "other": "", "kind": []}}, {"model": "annotation.annotation", "pk": 78, "fields": {"annotator": 2, "comment": 28, "is_hate_speech": false, "other": "", "kind": []}}, {"model": "annotation.annotation", "pk": 79, "fields": {"annotator": 2, "comment": 29, "is_hate_speech": false, "other": "", "kind": []}}, {"model": "annotation.annotation", "pk": 80, "fields": {"annotator": 2, "comment": 30, "is_hate_speech": false, "other": "", "kind": []}}, {"model": "annotation.annotation", "pk": 81, "fields": {"annotator": 2, "comment": 31, "is_hate_speech": false, "other": "", "kind": []}}, {"model": "annotation.annotation", "pk": 82, "fields": {"annotator": 2, "comment": 32, "is_hate_speech": false, "other": "", "kind": []}}, {"model": "annotation.annotation", "pk": 83, "fields": {"annotator": 2, "comment": 33, "is_hate_speech": false, "other": "", "kind": []}}, {"model": "annotation.annotation", "pk": 84, "fields": {"annotator": 2, "comment": 34, "is_hate_speech": false, "other": "", "kind": []}}, {"model": "annotation.annotation", "pk": 85, "fields": {"annotator": 2, "comment": 35, "is_hate_speech": false, "other": "", "kind": []}}, {"model": "annotation.annotation", "pk": 86, "fields": {"annotator": 2, "comment": 36, "is_hate_speech": false, "other": "", "kind": []}}, {"model": "annotation.annotation", "pk": 87, "fields": {"annotator": 2, "comment": 37, "is_hate_speech": false, "other": "", "kind": []}}, {"model": "annotation.annotation", "pk": 88, "fields": {"annotator": 2, "comment": 38, "is_hate_speech": true, "other": "", "kind": [6]}}, {"model": "annotation.annotation", "pk": 89, "fields": {"annotator": 2, "comment": 39, "is_hate_speech": true, "other": "", "kind": [6]}}, {"model": "annotation.annotation", "pk": 90, "fields": {"annotator": 2, "comment": 40, "is_hate_speech": false, "other": "", "kind": []}}, {"model": "annotation.annotation", "pk": 91, "fields": {"annotator": 4, "comment": 1, "is_hate_speech": true, "other": "", "kind": [3]}}, {"model": "annotation.annotation", "pk": 92, "fields": {"annotator": 4, "comment": 2, "is_hate_speech": true, "other": "", "kind": [6]}}, {"model": "annotation.annotation", "pk": 93, "fields": {"annotator": 4, "comment": 3, "is_hate_speech": true, "other": "", "kind": [3]}}, {"model": "annotation.annotation", "pk": 94, "fields": {"annotator": 4, "comment": 5, "is_hate_speech": false, "other": "", "kind": []}}, {"model": "annotation.annotation", "pk": 95, "fields": {"annotator": 4, "comment": 4, "is_hate_speech": false, "other": "", "kind": []}}, {"model": "annotation.annotation", "pk": 96, "fields": {"annotator": 4, "comment": 6, "is_hate_speech": false, "other": "", "kind": []}}, {"model": "annotation.annotation", "pk": 97, "fields": {"annotator": 4, "comment": 7, "is_hate_speech": true, "other": "", "kind": [1]}}, {"model": "annotation.annotation", "pk": 98, "fields": {"annotator": 4, "comment": 8, "is_hate_speech": false, "other": "", "kind": []}}, {"model": "annotation.annotation", "pk": 99, "fields": {"annotator": 4, "comment": 9, "is_hate_speech": false, "other": "", "kind": []}}, {"model": "annotation.annotation", "pk": 100, "fields": {"annotator": 4, "comment": 10, "is_hate_speech": false, "other": "", "kind": []}}, {"model": "annotation.annotation", "pk": 101, "fields": {"annotator": 4, "comment": 11, "is_hate_speech": true, "other": "", "kind": [1, 3]}}, {"model": "annotation.annotation", "pk": 102, "fields": {"annotator": 4, "comment": 12, "is_hate_speech": false, "other": "", "kind": []}}, {"model": "annotation.annotation", "pk": 103, "fields": {"annotator": 4, "comment": 13, "is_hate_speech": false, "other": "", "kind": []}}, {"model": "annotation.annotation", "pk": 104, "fields": {"annotator": 4, "comment": 14, "is_hate_speech": false, "other": "", "kind": []}}, {"model": "annotation.annotation", "pk": 105, "fields": {"annotator": 4, "comment": 15, "is_hate_speech": true, "other": "", "kind": [1]}}, {"model": "annotation.annotator", "pk": 1, "fields": {"email": "teste@teste.com", "approved": true}}, {"model": "annotation.annotator", "pk": 2, "fields": {"email": "rogers.pelle@inf.ufrgs.br", "approved": true}}, {"model": "annotation.annotator", "pk": 3, "fields": {"email": "rogersdepelle@gmail.com", "approved": true}}, {"model": "annotation.annotator", "pk": 4, "fields": {"email": "alles.alexandre@gmail.com", "approved": true}}, {"model": "comments.comment", "pk": 1, "fields": {"text": "essas aberracoes podem conseguir tudo mais gerar uma vida nunca vao conseguir a nao ser que bote um ovo", "user": "Robson Ss", "news": 1}}, {"model": "comments.comment", "pk": 2, "fields": {"text": "bolsolixo vtn seu verme", "user": "Antifa", "news": 2}}, {"model": "comments.comment", "pk": 3, "fields": {"text": "criancas criadas por essas aberracoes irao seguir o desvio de comportamento dos depravados", "user": "Robson Ss", "news": 1}}, {"model": "comments.comment", "pk": 4, "fields": {"text": "a desigualdade so esta caindo pq as pessoas estao perdendo os empregos varios cargos ja tem sido terceirizados mto antes da reforma quem ganha uma mixaria que mal da para sobreviver e considerado classe media resumindo a desigualdade caiu pq agora praticamente todo mundo e pobre ou miser\u00e1vel p", "user": "leandro cunha", "news": 3}}, {"model": "comments.comment", "pk": 5, "fields": {"text": "niveis educacionais foram os que mais contribuiram para o avanco com um crescimento medio anual realmente oportunidades e educacao sao as chaves para a melhoria nem precisa de muita pesquisa", "user": "carina", "news": 3}}, {"model": "comments.comment", "pk": 6, "fields": {"text": "que este cara e estudioso nao tenho duvidas deve ter se tornado phd em idade media", "user": "Adilson Santos", "news": 4}}, {"model": "comments.comment", "pk": 7, "fields": {"text": "aquele indio com cocar azul comprado na de marco tem cara de pagodeiro carioca", "user": "Senador Carrasco", "news": 5}}, {"model": "comments.comment", "pk": 8, "fields": {"text": "e esse aqui na ponta segurando a faixa era algum caminhoneiro que parou pra ajudar", "user": "Paulo B", "news": 5}}, {"model": "comments.comment", "pk": 9, "fields": {"text": "esta ate sujo de graxa uhauhauhauhauh", "user": "Paulo B", "news": 5}}, {"model": "comments.comment", "pk": 10, "fields": {"text": "ele e dj uga uga", "user": "Jose de Alencar Pereira Filho", "news": 5}}, {"model": "comments.comment", "pk": 11, "fields": {"text": "observem a palma da mao daquele indio de camisa azul nao tem sequer calo tem mao de mocinha", "user": "Senador Carrasco", "news": 5}}, {"model": "comments.comment", "pk": 12, "fields": {"text": "tem razao de nao serem ouvidos os caras vao com arquinho e flexinha poe umas bazucas nas maos desses indios que eles engrossam a voz", "user": "Ded\u00e9 Gomes", "news": 5}}, {"model": "comments.comment", "pk": 13, "fields": {"text": "tem de tudo ali menos indio", "user": "Ant\u00f4nio Martinelli", "news": 5}}, {"model": "comments.comment", "pk": 14, "fields": {"text": "ndi isso e tudo peleg do mst e do p t se fingind de ndi olha o tamanh da panca daquele outro ali cheia de m rtadela", "user": "Paulo Zanetti", "news": 5}}, {"model": "comments.comment", "pk": 15, "fields": {"text": "quando vao ai parecem indios no dia a dia andam de carros usam roupas de marcas possuem smartphone comem arroz e feijao com ketchup sao peritos em fazer pedagio talvez tambem copiaram dos brancos", "user": "Edinson Lee", "news": 5}}, {"model": "comments.comment", "pk": 16, "fields": {"text": "tem que colocar estes bando de desocupados pra produzir algo ao inves de ficar parasitando e cobrando pedagio", "user": "Cleuber Alves da Silva", "news": 5}}, {"model": "comments.comment", "pk": 17, "fields": {"text": "certissimo lugar de indio e no mato esses ai sao massa de manobra da esquerda", "user": "Lucas Oliveira", "news": 5}}, {"model": "comments.comment", "pk": 18, "fields": {"text": "massa uga uga de manobra poli tem interessre na pauta", "user": "Julio Cesar Rocha Bastos", "news": 5}}, {"model": "comments.comment", "pk": 19, "fields": {"text": "massa de manobra e quem vai trabalhar por anos e nao reclama", "user": "Ze da Silva", "news": 5}}, {"model": "comments.comment", "pk": 20, "fields": {"text": "lucas oliveira seu lugar e no vaso sanitario com esse governo puxando a descarga", "user": "Jefferson219", "news": 5}}, {"model": "comments.comment", "pk": 21, "fields": {"text": "indio branco estao misturando muito a raca heim", "user": "Paulo B", "news": 5}}, {"model": "comments.comment", "pk": 22, "fields": {"text": "se alguem viu indio ai me mostra por favor estao bem saudaveis ne cambada de parasitas", "user": "Caio Ben\u00edcio", "news": 5}}, {"model": "comments.comment", "pk": 23, "fields": {"text": "em que lugar da natureza eu encontro uma faixa dessas", "user": "Rodrigo", "news": 5}}, {"model": "comments.comment", "pk": 24, "fields": {"text": "daqui a pouco aparece o cacique nove dedos culpando a esposa", "user": "Ant\u00f4nio Martinelli", "news": 5}}, {"model": "comments.comment", "pk": 25, "fields": {"text": "coloca este bando de cachaceiros para trabalhar indios de verdade nao perdem tempo com isso pingucos", "user": "Jo\u00e3o Costa Costa", "news": 5}}, {"model": "comments.comment", "pk": 26, "fields": {"text": "seu conceito de indio e igual a vc", "user": "Jefferson219", "news": 5}}, {"model": "comments.comment", "pk": 27, "fields": {"text": "ai nao tem um indio sequer de verdade", "user": "Francisco L\u00facio S\u00e1tiro Maia Pinheiro", "news": 5}}, {"model": "comments.comment", "pk": 28, "fields": {"text": "seu conceito de indio deve ser aquele engravatado na paulista", "user": "Jefferson219", "news": 5}}, {"model": "comments.comment", "pk": 29, "fields": {"text": "a cpi da funai ja deveria ter sido feita ha tempos funai e uma instituicao podre a mais corrupta do brasil e tem que ser investigada a fundo pelo menos naquilo que ela fez nos ultimos anos", "user": "Francisco L\u00facio S\u00e1tiro Maia Pinheiro", "news": 5}}, {"model": "comments.comment", "pk": 30, "fields": {"text": "indios vao para a mata pescar cacar e beber caxiri", "user": "Renan Aquino", "news": 5}}, {"model": "comments.comment", "pk": 31, "fields": {"text": "tudo gordinho esses indios", "user": "Ant\u00f4nio Martinelli", "news": 5}}, {"model": "comments.comment", "pk": 32, "fields": {"text": "os indios sao iguais os nossos politicos so pensao neles mesmos coitados serao eternamente discriminados", "user": "Elias P", "news": 5}}, {"model": "comments.comment", "pk": 33, "fields": {"text": "vai ter muito indio loiro perdendo a mamata depois dessa cpi", "user": "Silva", "news": 5}}, {"model": "comments.comment", "pk": 34, "fields": {"text": "esse governo nao poupa nem os indios triste e revoltante e ler comentarios de gente que parece viver em outro mundo indio e parte inseparavel da cultura e da historia do pais se acha ruim se enfia num barco e cai fora", "user": "Jefferson219", "news": 5}}, {"model": "comments.comment", "pk": 35, "fields": {"text": "isso porque lugar e publico e so poderia impedidos de entrar se tivesse algo de forca maior vestimentas e outros pelo menos um representante deles teria que ter mas politicos fazem de tudo para a populacao que e maior interessada nao participar dessas discussoes", "user": "Ingrid", "news": 5}}, {"model": "comments.comment", "pk": 36, "fields": {"text": "essa questao e grave nao pela divergencia de opiniao que no caso do dep do pmdb esta indo contra a propria constituicao o fato e que o relatorio e parcial impedir e humilhar os representantes dos indios so reforca isso", "user": "Welinton Rodrigues Rodrigues", "news": 5}}, {"model": "comments.comment", "pk": 37, "fields": {"text": "por anos de morte e exterminio alguns poucos descendentes dos milhoes que haviam aqui na epoca de cabral tem total e plena legitimidade para reclamar qualquer parte desta terra neste pais", "user": "Marcos Andre Costa", "news": 5}}, {"model": "comments.comment", "pk": 38, "fields": {"text": "e vc tem direito em aclamar meus ovos", "user": "Senador Carrasco", "news": 5}}, {"model": "comments.comment", "pk": 39, "fields": {"text": "marcos costa esse seu sobrenome costa e portugues se os portugueses nao tivessem vindo colonizar o brasil voce nao existiria seu palhaco", "user": "Sonia Cristina M Sabino", "news": 5}}, {"model": "comments.comment", "pk": 40, "fields": {"text": "ficar temer e perdoa os caloteiros da previdencia e bota na conta do povo", "user": "Wagner", "news": 7}}, {"model": "comments.news", "pk": 1, "fields": {"url": "http://g1.globo.com/politica/noticia/stf-equipara-heranca-de-uniao-estavel-homossexual-com-a-de-casamento.ghtml", "site": "http://www.globo.com/"}}, {"model": "comments.news", "pk": 2, "fields": {"url": "http://g1.globo.com/politica/noticia/parlamentares-de-pt-e-pcdob-pedem-para-pgr-apurar-se-bolsonaro-cometeu-racismo.ghtml", "site": "http://www.globo.com/"}}, {"model": "comments.news", "pk": 3, "fields": {"url": "http://g1.globo.com/economia/noticia/desigualdade-diminui-mas-renda-de-negros-ainda-e-metade-da-de-brancos-no-brasil-aponta-estudo.ghtml", "site": "http://www.globo.com/"}}, {"model": "comments.news", "pk": 4, "fields": {"url": "http://g1.globo.com/politica/noticia/ferraco-vai-acumular-relatorias-da-reforma-trabalhista-em-duas-comissoes-do-senado.ghtml", "site": "http://www.globo.com/"}}, {"model": "comments.news", "pk": 5, "fields": {"url": "http://g1.globo.com/politica/noticia/indios-sao-barrados-na-sessao-marcada-para-votar-relatorio-final-da-cpi-da-funai.ghtml", "site": "http://www.globo.com/"}}, {"model": "comments.news", "pk": 6, "fields": {"url": "http://g1.globo.com/distrito-federal/noticia/gdf-anuncia-que-secretario-de-fazenda-deixa-cargo-a-partir-de-junho.ghtml", "site": "http://www.globo.com/"}}, {"model": "comments.news", "pk": 7, "fields": {"url": "http://g1.globo.com/economia/noticia/temer-assina-mp-que-permite-a-municipios-parcelarem-divida-com-inss-em-ate-200-meses.ghtml", "site": "http://www.globo.com/"}}]